title,min_salary,max_salary,currency,company,location,link,source
Python-разработчик,,,,RENTA-COR,Ташкент,https://hh.ru/vacancy/125283346,hh.ru
Python-разработчик,60000.0,100000.0,RUR,СЫЗРАНЦЕВ ЭЛЬДАР ДМИТРИЕВИЧ,Санкт-Петербург,https://hh.ru/vacancy/125528911,hh.ru
Python Developer,50000.0,100000.0,RUR,Деханд Владислав Дмитриевич,Гродно,https://hh.ru/vacancy/125300291,hh.ru
Python-разработчик,,,,Digital Clouds,Новосибирск,https://hh.ru/vacancy/125499486,hh.ru
Python-разработчик,,,,Банк ПСБ,Москва,https://hh.ru/vacancy/125523816,hh.ru
Python-разработчик,,,,Иви,Москва,https://hh.ru/vacancy/125494421,hh.ru
Python-разработчик,,,,Telega.in,Москва,https://hh.ru/vacancy/125442638,hh.ru
Младший разработчик / Python Developer (Junior),,,,Солди,Москва,https://hh.ru/vacancy/125444093,hh.ru
Python-разработчик,100000.0,,RUR,Самохин Арсений Дмитриевич,Санкт-Петербург,https://hh.ru/vacancy/125212121,hh.ru
Python разработчик (FastAPI),,,,Т1,Екатеринбург,https://hh.ru/vacancy/125394140,hh.ru
Python-разработчик,1500.0,2000.0,USD,Microyol,Ташкент,https://hh.ru/vacancy/125466593,hh.ru
Backend/Python Developer (Middle),100000.0,,RUR,Цитрус,Ярославль,https://hh.ru/vacancy/125528284,hh.ru
Middle Python Developer,,,,ИнтэксСофт,Минск,https://hh.ru/vacancy/125453948,hh.ru
Python-разработчик,70000.0,,RUR,Workmate,Москва,https://hh.ru/vacancy/125299437,hh.ru
Backend Python Developer (Middle+/Senior),,,,Дабл Ап,Москва,https://hh.ru/vacancy/125345464,hh.ru
Python-разработчик,,,,Нейросетевые решения,Москва,https://hh.ru/vacancy/125405565,hh.ru
Python-разработчик (CV),140000.0,,RUR,Айкомплекс,Новокузнецк,https://hh.ru/vacancy/125367159,hh.ru
Middle Python разработчик в аутстаф направление,,260000.0,RUR,Сибериан.Про,Москва,https://hh.ru/vacancy/125505427,hh.ru
Python-разработчик,,,,Р2С Технологии,Москва,https://hh.ru/vacancy/125277132,hh.ru
Junior Python разработчик,70000.0,100000.0,RUR,Хайталент,Москва,https://hh.ru/vacancy/124471359,hh.ru
Junior Python developer,,120000.0,RUR,Фомичева Мария Андреевна,Москва,https://hh.ru/vacancy/124490390,hh.ru
Junior\Middle Backend Python разработчик (FastAPI),50000.0,70000.0,RUR,АЛТ,Ульяновск,https://hh.ru/vacancy/125265063,hh.ru
Backend Python Developer,200000.0,250000.0,RUR,Robot&,Томск,https://hh.ru/vacancy/125491275,hh.ru
Python developer (Junior),,150000.0,RUR,evrone.ru,Воронеж,https://hh.ru/vacancy/124827764,hh.ru
"Middle+ Python Developer (Django, FastAPI)",80000.0,250000.0,RUR,mediann.dev,Махачкала,https://hh.ru/vacancy/124971574,hh.ru
Middle Python Developer,110000.0,140000.0,RUR,Photo Point,Оренбург,https://hh.ru/vacancy/125419610,hh.ru
Computer Vision Engineer/Python developer (junior/стажер),,,,Крымтехнологии,Симферополь,https://hh.ru/vacancy/125432136,hh.ru
Python developer,,,,Lamoda Tech,Москва,https://hh.ru/vacancy/124342166,hh.ru
Python developer,,,,Ваш KPI,Москва,https://hh.ru/vacancy/125380713,hh.ru
Python-разработчик,,,,РСХБ-Интех,Москва,https://hh.ru/vacancy/125496019,hh.ru
Python-разработчик,,,,Secunda,Москва,https://hh.ru/vacancy/123496183,hh.ru
Python-разработчик,,90000.0,RUR,amoCRM,Москва,https://hh.ru/vacancy/125400180,hh.ru
Middle Python разработчик,200000.0,200000.0,RUR,RAZRABOT,Москва,https://hh.ru/vacancy/125456182,hh.ru
Python Developer,,,,Admire,Москва,https://hh.ru/vacancy/125318012,hh.ru
Разработчик/Backend Python Developer Middle+,180000.0,,RUR,ТАТПАРТС,Набережные Челны,https://hh.ru/vacancy/125276388,hh.ru
Middle Python-разработчик,,,,НТехЛаб,Москва,https://hh.ru/vacancy/125453405,hh.ru
Python-разработчик,,,,"ВСК, САО",Волгоград,https://hh.ru/vacancy/125443121,hh.ru
Python-разработчик,180000.0,180000.0,RUR,Data World,Москва,https://hh.ru/vacancy/125448312,hh.ru
Python-разработчик (СберБизнесБот),,,,ТЕХНОЛОГИИ ОТРАСЛЕВОЙ ТРАНСФОРМАЦИИ,Москва,https://hh.ru/vacancy/125491242,hh.ru
AQA инженер (Python)/Python разработчик в IT компанию,,,,Конфидент,Санкт-Петербург,https://hh.ru/vacancy/125511588,hh.ru
Python-разработчик,,,,Деко Системс,Москва,https://hh.ru/vacancy/125359991,hh.ru
Python - разработчик,250000.0,280000.0,RUR,Бриф,Москва,https://hh.ru/vacancy/125442492,hh.ru
Python developer,,200000.0,RUR,Leads,Москва,https://hh.ru/vacancy/125475318,hh.ru
Python-разработчик,80000.0,120000.0,RUR,BRANDPOL,Екатеринбург,https://hh.ru/vacancy/125332885,hh.ru
Python-разработчик,160000.0,,RUR,РостДжоб,Москва,https://hh.ru/vacancy/125227509,hh.ru
Senior Python разработчик,250000.0,,RUR,СмартБрик,Москва,https://hh.ru/vacancy/125302486,hh.ru
Backend Python Developer (Middle),1200.0,1800.0,USD,Подгорбунских Анатолий Михайлович,Москва,https://hh.ru/vacancy/125446767,hh.ru
Python-разработчик,,,,М.Видео-Эльдорадо,Москва,https://hh.ru/vacancy/125483934,hh.ru
Python-разработчик,,200000.0,RUR,Апартмент системс,Москва,https://hh.ru/vacancy/124743896,hh.ru
Middle Python разработчик,180000.0,,RUR,ЕТелеком,Санкт-Петербург,https://hh.ru/vacancy/125446479,hh.ru
"Python разработчик, middle",120000.0,150000.0,RUR,Центр интеллектуальной безопасности,Краснодар,https://hh.ru/vacancy/125399950,hh.ru
Python-разработчик,300000.0,400000.0,RUR,HR GROW,Москва,https://hh.ru/vacancy/124759455,hh.ru
Python-разработчик,,570000.0,RUR,Точка Банк,Москва,https://hh.ru/vacancy/125374994,hh.ru
Python-разработчик (middle+),250000.0,,RUR,InCodeWeTrust,Москва,https://hh.ru/vacancy/124866391,hh.ru
Python-разработчик,,,,Ardecs,Москва,https://hh.ru/vacancy/124784661,hh.ru
Python Developer,,,,ГУП Московский социальный регистр,Москва,https://hh.ru/vacancy/123613700,hh.ru
Python Developer,150000.0,200000.0,RUR,Bobr Exchange,Москва,https://hh.ru/vacancy/124586782,hh.ru
Python Developer (Senior/Lead),,,,ВЭБ Технологии,Минск,https://hh.ru/vacancy/125453667,hh.ru
Junior+ Python Backend Developer,,,,В.в - Логистик,Москва,https://hh.ru/vacancy/124678017,hh.ru
Python-разработчик,,,,"МАГНИТ, Розничная сеть",Москва,https://hh.ru/vacancy/125484378,hh.ru
Python-разработчик,,,,ЭКОПСИ Консалтинг,Москва,https://hh.ru/vacancy/124774811,hh.ru
Python-разработчик,,340000.0,RUR,AYA Group,Москва,https://hh.ru/vacancy/124319348,hh.ru
Python backend разработчик,,,,Everypixel group,Санкт-Петербург,https://hh.ru/vacancy/125078993,hh.ru
Senior Python Developer,,,,SL Soft,Москва,https://hh.ru/vacancy/125329751,hh.ru
Python Developer (Junior+ / Middle),,,,KEDOO Entertainment,Москва,https://hh.ru/vacancy/125248781,hh.ru
Backend разработчик (Python FastAPI),,,,idaproject,Москва,https://hh.ru/vacancy/125207388,hh.ru
Frontend разработчик (React),,,,КРОК,Москва,https://hh.ru/vacancy/125071283,hh.ru
Senior Python разработчик,4000.0,8000.0,USD,High Sky,Санкт-Петербург,https://hh.ru/vacancy/125474639,hh.ru
Python-разработчик,90000.0,180000.0,RUR,Как Дома,Москва,https://hh.ru/vacancy/125345685,hh.ru
Python-разработчик,150000.0,200000.0,RUR,ИнстаДев,Санкт-Петербург,https://hh.ru/vacancy/124899219,hh.ru
Senior Python разработчик,220000.0,350000.0,RUR,Атлас,Москва,https://hh.ru/vacancy/125391904,hh.ru
"Python developer (middle, middle+)",,,,Изи Вей,Воронеж,https://hh.ru/vacancy/124779218,hh.ru
Python-разработчик (Направление ML),,,,Платформа Трим,Москва,https://hh.ru/vacancy/125205554,hh.ru
Python разработчик,6000000.0,,UZS,Tafakkur Group,Ташкент,https://hh.ru/vacancy/124943975,hh.ru
Python-разработчик LLM,300000.0,330000.0,RUR,Снэп АйТи,Москва,https://hh.ru/vacancy/125221838,hh.ru
Python-разработчик,190000.0,300000.0,RUR,Снэп АйТи,Москва,https://hh.ru/vacancy/121721195,hh.ru
Middle/Senior Python разработчик,,,,X5 Tech,Москва,https://hh.ru/vacancy/125404032,hh.ru
Backend-разработчик,,,,Кибертех,Москва,https://hh.ru/vacancy/124822274,hh.ru
Junior Python Developer,,,,Корал Тим,Минск,https://hh.ru/vacancy/125066483,hh.ru
Trainee/Python Developer,,,,Арелаг консалт,Минск,https://hh.ru/vacancy/125432660,hh.ru
Python-разработчик,,,,Профучет,Москва,https://hh.ru/vacancy/124660486,hh.ru
Python разработчик (Middle+ / Senior),,,,X5 Tech,Москва,https://hh.ru/vacancy/123297423,hh.ru
Python-разработчик / backend разработчик,100000.0,,RUR,Орлайм,Санкт-Петербург,https://hh.ru/vacancy/124646691,hh.ru
Python developer,,200000.0,RUR,Фаст Софт,Санкт-Петербург,https://hh.ru/vacancy/124459637,hh.ru
Middle Python разработчик,,300000.0,RUR,Сибериан.Про,Москва,https://hh.ru/vacancy/124680499,hh.ru
Python разработчик,,180000.0,RUR,Анвио Парк,Москва,https://hh.ru/vacancy/124886105,hh.ru
Python Developer,,,,ISD Parking Solutions,Москва,https://hh.ru/vacancy/124501173,hh.ru
Python-разработчик (Basis Workplace),,,,БАЗИС,Москва,https://hh.ru/vacancy/124638478,hh.ru
Senior Python Developer (iGaming),,,,JT marketing,Тбилиси,https://hh.ru/vacancy/125489526,hh.ru
Junior Python-разработчик,75000.0,,RUR,Смирнов Андрей Петрович,Челябинск,https://hh.ru/vacancy/124931345,hh.ru
Python-разработчик (FastAPI),100000.0,130000.0,RUR,Денвик,Киров (Кировская область),https://hh.ru/vacancy/125086802,hh.ru
Jr. Python Developer,,,,"Nitka Technologies, Inc.",Литва,https://hh.ru/vacancy/125179332,hh.ru
Python Developer,180000.0,220000.0,RUR,Хантфлоу интеграция УЗ2,Лорино (Чукотский АО),https://hh.ru/vacancy/125093402,hh.ru
Python-разработчик,,,,ТЕКОН-Системы,Москва,https://hh.ru/vacancy/124341662,hh.ru
Ведущий разработчик Python,,,,Х5 Group,Москва,https://hh.ru/vacancy/125475473,hh.ru
Python-разработчик,100000.0,,RUR,Филиал в г. Санкт-Петербург АО Концерн Радиостроения Вега,Санкт-Петербург,https://hh.ru/vacancy/124833291,hh.ru
Python разработчик (Middle+/Senior),,,,Умскул,Казань,https://hh.ru/vacancy/125381993,hh.ru
Python-разработчик в стартап,,,,Сидоров Алексей Дмитриевич,Москва,https://hh.ru/vacancy/125139766,hh.ru
Middle Python Developer,,,,FIX,Москва,https://hh.ru/vacancy/124083797,hh.ru
Python-разработчик,90000.0,120000.0,RUR,Дао АйТи,Уфа,https://hh.ru/vacancy/125005296,hh.ru
